/*
 Navicat Premium Data Transfer

 Source Server         : jcbages
 Source Server Type    : Oracle
 Source Server Version : 112010
 Source Host           : prod.oracle.virtual.uniandes.edu.co
 Source Schema         : ISIS2304031420

 Target Server Type    : Oracle
 Target Server Version : 112010
 File Encoding         : utf-8

 Date: 10/31/2014 12:07:55 PM
*/

-- ----------------------------
--  Table structure for ACTIVESPASSIVES
-- ----------------------------
DROP TABLE "ISIS2304031420"."ACTIVESPASSIVES";
CREATE TABLE "ACTIVESPASSIVES" (   "ACTIVE_LOGIN" VARCHAR2(20BYTE), "PASSIVE_REGISTER" VARCHAR2(20BYTE));

-- ----------------------------
--  Records of ACTIVESPASSIVES
-- ----------------------------
INSERT INTO "ISIS2304031420"."ACTIVESPASSIVES" VALUES ('deytor', '88557');
INSERT INTO "ISIS2304031420"."ACTIVESPASSIVES" VALUES ('raisso', '33845');
INSERT INTO "ISIS2304031420"."ACTIVESPASSIVES" VALUES ('tsaaee', '30030');
INSERT INTO "ISIS2304031420"."ACTIVESPASSIVES" VALUES ('deytor', '88557');
INSERT INTO "ISIS2304031420"."ACTIVESPASSIVES" VALUES ('deytor', '69484');
INSERT INTO "ISIS2304031420"."ACTIVESPASSIVES" VALUES ('raisso', '88557');
INSERT INTO "ISIS2304031420"."ACTIVESPASSIVES" VALUES ('theaea', '69484');
INSERT INTO "ISIS2304031420"."ACTIVESPASSIVES" VALUES ('tsaaee', '33845');
INSERT INTO "ISIS2304031420"."ACTIVESPASSIVES" VALUES ('theaea', '69484');
INSERT INTO "ISIS2304031420"."ACTIVESPASSIVES" VALUES ('theaea', '88557');
INSERT INTO "ISIS2304031420"."ACTIVESPASSIVES" VALUES ('tsaaee', '80460');
INSERT INTO "ISIS2304031420"."ACTIVESPASSIVES" VALUES ('molhli', '39975');
INSERT INTO "ISIS2304031420"."ACTIVESPASSIVES" VALUES ('sirr-p', '80606');
INSERT INTO "ISIS2304031420"."ACTIVESPASSIVES" VALUES ('raisso', '33845');
INSERT INTO "ISIS2304031420"."ACTIVESPASSIVES" VALUES ('orlkrr', '00401');
INSERT INTO "ISIS2304031420"."ACTIVESPASSIVES" VALUES ('raisso', '14043');
INSERT INTO "ISIS2304031420"."ACTIVESPASSIVES" VALUES ('raisso', '14043');
INSERT INTO "ISIS2304031420"."ACTIVESPASSIVES" VALUES ('guahez', '14043');
INSERT INTO "ISIS2304031420"."ACTIVESPASSIVES" VALUES ('guahez', '14043');
INSERT INTO "ISIS2304031420"."ACTIVESPASSIVES" VALUES ('beLLhh', '14043');
COMMIT;

-- ----------------------------
--  Table structure for PORTFOLIOS
-- ----------------------------
DROP TABLE "ISIS2304031420"."PORTFOLIOS";
CREATE TABLE "PORTFOLIOS" (   "USER_LOGIN" VARCHAR2(20BYTE), "RISK" VARCHAR2(1BYTE), "PK_ID" NUMBER NOT NULL);

-- ----------------------------
--  Records of PORTFOLIOS
-- ----------------------------
INSERT INTO "ISIS2304031420"."PORTFOLIOS" VALUES ('raisso', 'L', '2');
INSERT INTO "ISIS2304031420"."PORTFOLIOS" VALUES ('emnnaM', 'L', '3');
INSERT INTO "ISIS2304031420"."PORTFOLIOS" VALUES ('theaea', 'M', '4');
INSERT INTO "ISIS2304031420"."PORTFOLIOS" VALUES ('tonnwn', 'H', '0');
INSERT INTO "ISIS2304031420"."PORTFOLIOS" VALUES ('raisso', 'M', '1');
INSERT INTO "ISIS2304031420"."PORTFOLIOS" VALUES ('theaea', 'H', '5');
INSERT INTO "ISIS2304031420"."PORTFOLIOS" VALUES ('tsaaee', 'M', '6');
INSERT INTO "ISIS2304031420"."PORTFOLIOS" VALUES ('emnnaM', 'L', '7');
INSERT INTO "ISIS2304031420"."PORTFOLIOS" VALUES ('abtpsn', 'M', '8');
INSERT INTO "ISIS2304031420"."PORTFOLIOS" VALUES ('abtpsn', 'L', '9');
COMMIT;

-- ----------------------------
--  Table structure for PORTFOLIOS_VALS
-- ----------------------------
DROP TABLE "ISIS2304031420"."PORTFOLIOS_VALS";
CREATE TABLE "PORTFOLIOS_VALS" (   "PK_ID" NUMBER NOT NULL, "PK_PORTFOLIO" NUMBER, "PK_VAL" NUMBER);

-- ----------------------------
--  Table structure for PASSIVES
-- ----------------------------
DROP TABLE "ISIS2304031420"."PASSIVES";
CREATE TABLE "PASSIVES" (   "PASSIVE_REGISTER" VARCHAR2(20BYTE) NOT NULL, "USER_LOGIN" VARCHAR2(20BYTE) NOT NULL);

-- ----------------------------
--  Records of PASSIVES
-- ----------------------------
INSERT INTO "ISIS2304031420"."PASSIVES" VALUES ('36137', 'abtpsn');
INSERT INTO "ISIS2304031420"."PASSIVES" VALUES ('94116', 'jacoMc');
INSERT INTO "ISIS2304031420"."PASSIVES" VALUES ('80606', 'semmhh');
INSERT INTO "ISIS2304031420"."PASSIVES" VALUES ('14043', 'hooDsn');
INSERT INTO "ISIS2304031420"."PASSIVES" VALUES ('39975', 'tonnwn');
INSERT INTO "ISIS2304031420"."PASSIVES" VALUES ('83838', 'tsaaee');
INSERT INTO "ISIS2304031420"."PASSIVES" VALUES ('33845', 'raisso');
INSERT INTO "ISIS2304031420"."PASSIVES" VALUES ('30030', 'theaea');
INSERT INTO "ISIS2304031420"."PASSIVES" VALUES ('17097', 'chsaoi');
INSERT INTO "ISIS2304031420"."PASSIVES" VALUES ('80460', 'molhli');
INSERT INTO "ISIS2304031420"."PASSIVES" VALUES ('88557', 'maewel');
INSERT INTO "ISIS2304031420"."PASSIVES" VALUES ('00401', 'beLLhh');
INSERT INTO "ISIS2304031420"."PASSIVES" VALUES ('69484', 'deytor');
COMMIT;

-- ----------------------------
--  Table structure for USERS
-- ----------------------------
DROP TABLE "ISIS2304031420"."USERS";
CREATE TABLE "USERS" (   "LOGIN" VARCHAR2(20BYTE) NOT NULL, "USER_ID" VARCHAR2(20BYTE) NOT NULL, "FIRST_NAME" VARCHAR2(20BYTE) NOT NULL, "LAST_NAME" VARCHAR2(20BYTE) NOT NULL, "EMAIL" VARCHAR2(20BYTE) NOT NULL, "PHONE" VARCHAR2(15BYTE) NOT NULL, "USER_PASS" VARCHAR2(20BYTE));

-- ----------------------------
--  Records of USERS
-- ----------------------------
INSERT INTO "ISIS2304031420"."USERS" VALUES ('raisso', '4346263557', 'Rajiv', 'Grisorio', 'raisso@swap.in', '2129249', '49HEIN');
INSERT INTO "ISIS2304031420"."USERS" VALUES ('abtpsn', '4219447891', 'Abrams', 'Knypstra', 'abtpsn@swap.in', '7638947', '4WYLHR');
INSERT INTO "ISIS2304031420"."USERS" VALUES ('maewel', '6145110208', 'Majek', 'Slowe', 'maewel@swap.in', '0602813', '7YMCRL');
INSERT INTO "ISIS2304031420"."USERS" VALUES ('guahez', '3614153548', 'Gurash', 'Chazen', 'guahez@swap.in', '9550505', '0SIZZ4');
INSERT INTO "ISIS2304031420"."USERS" VALUES ('tonnwn', '8298533964', 'Tolgyess', 'Knowlton', 'tonnwn@swap.in', '9309375', 'UTIPWJ');
INSERT INTO "ISIS2304031420"."USERS" VALUES ('deytor', '8458920176', 'Delaney', 'Fogerty', 'deytor@swap.in', '6616681', 'J2H6KG');
INSERT INTO "ISIS2304031420"."USERS" VALUES ('tsaaee', '1026368337', 'Tseng', 'Carver', 'tsaaee@swap.in', '8492582', '50N0DT');
INSERT INTO "ISIS2304031420"."USERS" VALUES ('emnnaM', '9522369241', 'Emlen', 'Mangan', 'emnnaM@swap.in', '2872333', '4V21DW');
INSERT INTO "ISIS2304031420"."USERS" VALUES ('sirr-p', '5041772809', 'Simon', 'Sharpe-Logue', 'sirr-p@swap.in', '5251491', '2COEHP');
INSERT INTO "ISIS2304031420"."USERS" VALUES ('theaea', '8676043984', 'Thornbur', 'Carralejo', 'theaea@swap.in', '3364321', '2KH5BT');
INSERT INTO "ISIS2304031420"."USERS" VALUES ('orlkrr', '3342600482', 'Ormsby', 'Voelker', 'orlkrr@swap.in', '9459487', 'B4PE2X');
INSERT INTO "ISIS2304031420"."USERS" VALUES ('lanDol', '7691092740', 'Larin', 'Donnellon', 'lanDol@swap.in', '8404010', '140M93');
INSERT INTO "ISIS2304031420"."USERS" VALUES ('molhli', '7276574051', 'Moises', 'Mclaughlin', 'molhli@swap.in', '9054712', '20KFQA');
INSERT INTO "ISIS2304031420"."USERS" VALUES ('semmhh', '1328687194', 'Sedigheh', 'Thomsen', 'semmhh@swap.in', '4771264', '54DVXY');
INSERT INTO "ISIS2304031420"."USERS" VALUES ('beLLhh', '8260422788', 'Bernd', 'Leshabari', 'beLLhh@swap.in', '0666334', 'PT22W6');
INSERT INTO "ISIS2304031420"."USERS" VALUES ('chsaoi', '6019712696', 'Chickori', 'Baczkowski', 'chsaoi@swap.in', '3062658', 'ZO3ZF9');
INSERT INTO "ISIS2304031420"."USERS" VALUES ('kaptoC', '3202954976', 'Katerina', 'Compton', 'kaptoC@swap.in', '9665583', 'UGJLYH');
INSERT INTO "ISIS2304031420"."USERS" VALUES ('jacoMc', '3236689308', 'Jacklin', 'Mccool', 'jacoMc@swap.in', '0541938', 'QSGT84');
INSERT INTO "ISIS2304031420"."USERS" VALUES ('hooDsn', '2772848291', 'Hoover', 'Dorantes', 'hooDsn@swap.in', '9663709', '0C00KH');
INSERT INTO "ISIS2304031420"."USERS" VALUES ('khlLyd', '3969831575', 'Khezri', 'Lloyd', 'khlLyd@swap.in', '2349245', 'ULHRKN');
COMMIT;

-- ----------------------------
--  Table structure for ACTIVES
-- ----------------------------
DROP TABLE "ISIS2304031420"."ACTIVES";
CREATE TABLE "ACTIVES" (   "USER_LOGIN" VARCHAR2(20BYTE) NOT NULL, "AVAILABLE_MONEY" FLOAT(126) NOT NULL);

-- ----------------------------
--  Records of ACTIVES
-- ----------------------------
INSERT INTO "ISIS2304031420"."ACTIVES" VALUES ('abtpsn', '21639.6391898');
INSERT INTO "ISIS2304031420"."ACTIVES" VALUES ('guahez', '8199.685903379999');
INSERT INTO "ISIS2304031420"."ACTIVES" VALUES ('deytor', '6740.29563595');
INSERT INTO "ISIS2304031420"."ACTIVES" VALUES ('raisso', '2788.97448337');
INSERT INTO "ISIS2304031420"."ACTIVES" VALUES ('theaea', '15869.7159201');
INSERT INTO "ISIS2304031420"."ACTIVES" VALUES ('sirr-p', '21883.914116');
INSERT INTO "ISIS2304031420"."ACTIVES" VALUES ('tsaaee', '5460.08517408');
INSERT INTO "ISIS2304031420"."ACTIVES" VALUES ('orlkrr', '8938.07136941');
INSERT INTO "ISIS2304031420"."ACTIVES" VALUES ('lanDol', '18007.1714104');
INSERT INTO "ISIS2304031420"."ACTIVES" VALUES ('khlLyd', '23194.037289');
INSERT INTO "ISIS2304031420"."ACTIVES" VALUES ('kaptoC', '20321.1424328');
INSERT INTO "ISIS2304031420"."ACTIVES" VALUES ('beLLhh', '16958.4986612');
INSERT INTO "ISIS2304031420"."ACTIVES" VALUES ('tonnwn', '4313.03207349');
INSERT INTO "ISIS2304031420"."ACTIVES" VALUES ('molhli', '9906.46537797');
COMMIT;

-- ----------------------------
--  Table structure for LEGALS
-- ----------------------------
DROP TABLE "ISIS2304031420"."LEGALS";
CREATE TABLE "LEGALS" (   "LEGAL_ID" VARCHAR2(20BYTE) NOT NULL, "LEGAL_NAME" VARCHAR2(20BYTE) NOT NULL, "USER_LOGIN" VARCHAR2(20BYTE) NOT NULL);

-- ----------------------------
--  Records of LEGALS
-- ----------------------------
INSERT INTO "ISIS2304031420"."LEGALS" VALUES ('632608691519665', 'Abrams', 'abtpsn');
INSERT INTO "ISIS2304031420"."LEGALS" VALUES ('843426002581803', 'Emlen', 'tsaaee');
INSERT INTO "ISIS2304031420"."LEGALS" VALUES ('714719460479888', 'Tseng', 'raisso');
INSERT INTO "ISIS2304031420"."LEGALS" VALUES ('895087623150298', 'Simon', 'deytor');
INSERT INTO "ISIS2304031420"."LEGALS" VALUES ('776509281705623', 'Gurash', 'molhli');
INSERT INTO "ISIS2304031420"."LEGALS" VALUES ('839751162475488', 'Delaney', 'beLLhh');
INSERT INTO "ISIS2304031420"."LEGALS" VALUES ('171015769834553', 'Majek', 'guahez');
INSERT INTO "ISIS2304031420"."LEGALS" VALUES ('394170375727797', 'Tolgyess', 'theaea');
COMMIT;

-- ----------------------------
--  Table structure for INVESTORS
-- ----------------------------
DROP TABLE "ISIS2304031420"."INVESTORS";
CREATE TABLE "INVESTORS" (   "USER_LOGIN" VARCHAR2(20BYTE) NOT NULL, "IS_ENTERPRISE" VARCHAR2(1BYTE) NOT NULL);

-- ----------------------------
--  Records of INVESTORS
-- ----------------------------
INSERT INTO "ISIS2304031420"."INVESTORS" VALUES ('abtpsn', '1');
INSERT INTO "ISIS2304031420"."INVESTORS" VALUES ('deytor', '1');
INSERT INTO "ISIS2304031420"."INVESTORS" VALUES ('guahez', '1');
INSERT INTO "ISIS2304031420"."INVESTORS" VALUES ('raisso', '1');
INSERT INTO "ISIS2304031420"."INVESTORS" VALUES ('tsaaee', '1');
INSERT INTO "ISIS2304031420"."INVESTORS" VALUES ('kaptoC', '1');
INSERT INTO "ISIS2304031420"."INVESTORS" VALUES ('lanDol', '0');
INSERT INTO "ISIS2304031420"."INVESTORS" VALUES ('theaea', '1');
COMMIT;

-- ----------------------------
--  Table structure for OFFERANTS
-- ----------------------------
DROP TABLE "ISIS2304031420"."OFFERANTS";
CREATE TABLE "OFFERANTS" (   "USER_LOGIN" VARCHAR2(20BYTE) NOT NULL, "OFFERANT_TYPE" VARCHAR2(1BYTE) NOT NULL);

-- ----------------------------
--  Records of OFFERANTS
-- ----------------------------
INSERT INTO "ISIS2304031420"."OFFERANTS" VALUES ('abtpsn', '0');
INSERT INTO "ISIS2304031420"."OFFERANTS" VALUES ('sirr-p', '1');
INSERT INTO "ISIS2304031420"."OFFERANTS" VALUES ('theaea', '1');
INSERT INTO "ISIS2304031420"."OFFERANTS" VALUES ('raisso', '0');
INSERT INTO "ISIS2304031420"."OFFERANTS" VALUES ('tsaaee', '1');
INSERT INTO "ISIS2304031420"."OFFERANTS" VALUES ('kaptoC', '1');
INSERT INTO "ISIS2304031420"."OFFERANTS" VALUES ('deytor', '1');
INSERT INTO "ISIS2304031420"."OFFERANTS" VALUES ('guahez', '0');
COMMIT;

-- ----------------------------
--  Table structure for RENTS
-- ----------------------------
DROP TABLE "ISIS2304031420"."RENTS";
CREATE TABLE "RENTS" (   "PK_ID" NUMBER NOT NULL, "RENT_NAME" VARCHAR2(20BYTE) NOT NULL, "DESCRIPTION" VARCHAR2(140BYTE) NOT NULL, "RENT_FUNCTION" VARCHAR2(1BYTE) NOT NULL, "RENT_LENGTH" VARCHAR2(1BYTE) NOT NULL, "RENT_TYPE" VARCHAR2(1BYTE) NOT NULL, "OFFERANT_LOGIN" VARCHAR2(20BYTE) NOT NULL);

-- ----------------------------
--  Table structure for VALS
-- ----------------------------
DROP TABLE "ISIS2304031420"."VALS";
CREATE TABLE "VALS" (   "PK_ID" NUMBER NOT NULL, "VAL_NAME" VARCHAR2(20BYTE) NOT NULL, "DESCRIPTION" VARCHAR2(140BYTE) NOT NULL, "VAL_TYPE" VARCHAR2(1BYTE) NOT NULL, "AMOUNT" NUMBER NOT NULL, "PRICE" FLOAT(126) NOT NULL, "RENT_ID" NUMBER NOT NULL);

-- ----------------------------
--  Table structure for DJANGO_MIGRATIONS
-- ----------------------------
DROP TABLE "ISIS2304031420"."DJANGO_MIGRATIONS";
CREATE TABLE "DJANGO_MIGRATIONS" (   "ID" NUMBER(11,0) NOT NULL, "APP" NVARCHAR2(255), "NAME" NVARCHAR2(255), "APPLIED" TIMESTAMP(6) NOT NULL);

-- ----------------------------
--  Records of DJANGO_MIGRATIONS
-- ----------------------------
INSERT INTO "ISIS2304031420"."DJANGO_MIGRATIONS" VALUES ('46', 'actives', '0001_initial', TO_TIMESTAMP('2014-10-11 17:26:37.980130','YYYY-MM-DD HH24:MI:SS.FF'));
INSERT INTO "ISIS2304031420"."DJANGO_MIGRATIONS" VALUES ('47', 'investors', '0001_initial', TO_TIMESTAMP('2014-10-11 17:26:38.127702','YYYY-MM-DD HH24:MI:SS.FF'));
INSERT INTO "ISIS2304031420"."DJANGO_MIGRATIONS" VALUES ('48', 'news', '0001_initial', TO_TIMESTAMP('2014-10-11 17:26:38.285181','YYYY-MM-DD HH24:MI:SS.FF'));
INSERT INTO "ISIS2304031420"."DJANGO_MIGRATIONS" VALUES ('49', 'offerants', '0001_initial', TO_TIMESTAMP('2014-10-11 17:26:38.393777','YYYY-MM-DD HH24:MI:SS.FF'));
INSERT INTO "ISIS2304031420"."DJANGO_MIGRATIONS" VALUES ('50', 'passives', '0001_initial', TO_TIMESTAMP('2014-10-11 17:26:38.492846','YYYY-MM-DD HH24:MI:SS.FF'));
INSERT INTO "ISIS2304031420"."DJANGO_MIGRATIONS" VALUES ('51', 'solicitudes', '0001_initial', TO_TIMESTAMP('2014-10-11 17:26:38.607878','YYYY-MM-DD HH24:MI:SS.FF'));
INSERT INTO "ISIS2304031420"."DJANGO_MIGRATIONS" VALUES ('52', 'swapprofiles', '0001_initial', TO_TIMESTAMP('2014-10-11 17:26:38.824281','YYYY-MM-DD HH24:MI:SS.FF'));
INSERT INTO "ISIS2304031420"."DJANGO_MIGRATIONS" VALUES ('53', 'swaptransactions', '0001_initial', TO_TIMESTAMP('2014-10-11 17:26:38.926667','YYYY-MM-DD HH24:MI:SS.FF'));
INSERT INTO "ISIS2304031420"."DJANGO_MIGRATIONS" VALUES ('54', 'vals', '0001_initial', TO_TIMESTAMP('2014-10-11 17:26:39.088216','YYYY-MM-DD HH24:MI:SS.FF'));
INSERT INTO "ISIS2304031420"."DJANGO_MIGRATIONS" VALUES ('55', 'news', '0002_auto_20141011_1727', TO_TIMESTAMP('2014-10-11 17:27:44.731494','YYYY-MM-DD HH24:MI:SS.FF'));
INSERT INTO "ISIS2304031420"."DJANGO_MIGRATIONS" VALUES ('61', 'genericusers', '0002_delete_password', TO_TIMESTAMP('2014-10-17 15:45:29.678990','YYYY-MM-DD HH24:MI:SS.FF'));
INSERT INTO "ISIS2304031420"."DJANGO_MIGRATIONS" VALUES ('62', 'investors', '0002_delete_follow', TO_TIMESTAMP('2014-10-17 15:45:29.719941','YYYY-MM-DD HH24:MI:SS.FF'));
INSERT INTO "ISIS2304031420"."DJANGO_MIGRATIONS" VALUES ('63', 'news', '0003_auto_20141017_1545', TO_TIMESTAMP('2014-10-17 15:45:29.744794','YYYY-MM-DD HH24:MI:SS.FF'));
INSERT INTO "ISIS2304031420"."DJANGO_MIGRATIONS" VALUES ('41', 'contenttypes', '0001_initial', TO_TIMESTAMP('2014-10-11 05:40:01.989088','YYYY-MM-DD HH24:MI:SS.FF'));
INSERT INTO "ISIS2304031420"."DJANGO_MIGRATIONS" VALUES ('42', 'auth', '0001_initial', TO_TIMESTAMP('2014-10-11 05:40:03.149232','YYYY-MM-DD HH24:MI:SS.FF'));
INSERT INTO "ISIS2304031420"."DJANGO_MIGRATIONS" VALUES ('43', 'admin', '0001_initial', TO_TIMESTAMP('2014-10-11 05:40:03.432202','YYYY-MM-DD HH24:MI:SS.FF'));
INSERT INTO "ISIS2304031420"."DJANGO_MIGRATIONS" VALUES ('44', 'sessions', '0001_initial', TO_TIMESTAMP('2014-10-11 05:40:03.594079','YYYY-MM-DD HH24:MI:SS.FF'));
INSERT INTO "ISIS2304031420"."DJANGO_MIGRATIONS" VALUES ('45', 'genericusers', '0001_initial', TO_TIMESTAMP('2014-10-11 17:17:15.293392','YYYY-MM-DD HH24:MI:SS.FF'));
INSERT INTO "ISIS2304031420"."DJANGO_MIGRATIONS" VALUES ('64', 'passives', '0002_activepassive', TO_TIMESTAMP('2014-10-17 16:08:49.517839','YYYY-MM-DD HH24:MI:SS.FF'));
INSERT INTO "ISIS2304031420"."DJANGO_MIGRATIONS" VALUES ('65', 'portfolios', '0001_initial', TO_TIMESTAMP('2014-10-17 16:32:00.764163','YYYY-MM-DD HH24:MI:SS.FF'));
COMMIT;

-- ----------------------------
--  Table structure for DJANGO_CONTENT_TYPE
-- ----------------------------
DROP TABLE "ISIS2304031420"."DJANGO_CONTENT_TYPE";
CREATE TABLE "DJANGO_CONTENT_TYPE" (   "ID" NUMBER(11,0) NOT NULL, "NAME" NVARCHAR2(100), "APP_LABEL" NVARCHAR2(100), "MODEL" NVARCHAR2(100));

-- ----------------------------
--  Records of DJANGO_CONTENT_TYPE
-- ----------------------------
INSERT INTO "ISIS2304031420"."DJANGO_CONTENT_TYPE" VALUES ('30', 'active', 'actives', 'active');
INSERT INTO "ISIS2304031420"."DJANGO_CONTENT_TYPE" VALUES ('31', 'investor', 'investors', 'investor');
INSERT INTO "ISIS2304031420"."DJANGO_CONTENT_TYPE" VALUES ('34', 'comment', 'news', 'comment');
INSERT INTO "ISIS2304031420"."DJANGO_CONTENT_TYPE" VALUES ('35', 'offerant', 'offerants', 'offerant');
INSERT INTO "ISIS2304031420"."DJANGO_CONTENT_TYPE" VALUES ('36', 'passive', 'passives', 'passive');
INSERT INTO "ISIS2304031420"."DJANGO_CONTENT_TYPE" VALUES ('37', 'solicitude', 'solicitudes', 'solicitude');
INSERT INTO "ISIS2304031420"."DJANGO_CONTENT_TYPE" VALUES ('38', 'contact', 'swapprofiles', 'contact');
INSERT INTO "ISIS2304031420"."DJANGO_CONTENT_TYPE" VALUES ('39', 'location', 'swapprofiles', 'location');
INSERT INTO "ISIS2304031420"."DJANGO_CONTENT_TYPE" VALUES ('40', 'professional', 'swapprofiles', 'professional');
INSERT INTO "ISIS2304031420"."DJANGO_CONTENT_TYPE" VALUES ('41', 'profile', 'swapprofiles', 'profile');
INSERT INTO "ISIS2304031420"."DJANGO_CONTENT_TYPE" VALUES ('42', 'swap transaction', 'swaptransactions', 'swaptransaction');
INSERT INTO "ISIS2304031420"."DJANGO_CONTENT_TYPE" VALUES ('43', 'rent', 'vals', 'rent');
INSERT INTO "ISIS2304031420"."DJANGO_CONTENT_TYPE" VALUES ('44', 'val', 'vals', 'val');
INSERT INTO "ISIS2304031420"."DJANGO_CONTENT_TYPE" VALUES ('45', 'new', 'news', 'new');
INSERT INTO "ISIS2304031420"."DJANGO_CONTENT_TYPE" VALUES ('21', 'log entry', 'admin', 'logentry');
INSERT INTO "ISIS2304031420"."DJANGO_CONTENT_TYPE" VALUES ('22', 'permission', 'auth', 'permission');
INSERT INTO "ISIS2304031420"."DJANGO_CONTENT_TYPE" VALUES ('23', 'group', 'auth', 'group');
INSERT INTO "ISIS2304031420"."DJANGO_CONTENT_TYPE" VALUES ('24', 'user', 'auth', 'user');
INSERT INTO "ISIS2304031420"."DJANGO_CONTENT_TYPE" VALUES ('25', 'content type', 'contenttypes', 'contenttype');
INSERT INTO "ISIS2304031420"."DJANGO_CONTENT_TYPE" VALUES ('26', 'session', 'sessions', 'session');
INSERT INTO "ISIS2304031420"."DJANGO_CONTENT_TYPE" VALUES ('27', 'generic user', 'genericusers', 'genericuser');
INSERT INTO "ISIS2304031420"."DJANGO_CONTENT_TYPE" VALUES ('28', 'legal', 'genericusers', 'legal');
INSERT INTO "ISIS2304031420"."DJANGO_CONTENT_TYPE" VALUES ('63', 'portfolio val', 'portfolios', 'portfolioval');
INSERT INTO "ISIS2304031420"."DJANGO_CONTENT_TYPE" VALUES ('61', 'active passive', 'passives', 'activepassive');
INSERT INTO "ISIS2304031420"."DJANGO_CONTENT_TYPE" VALUES ('62', 'portfolio', 'portfolios', 'portfolio');
COMMIT;

-- ----------------------------
--  Table structure for AUTH_PERMISSION
-- ----------------------------
DROP TABLE "ISIS2304031420"."AUTH_PERMISSION";
CREATE TABLE "AUTH_PERMISSION" (   "ID" NUMBER(11,0) NOT NULL, "NAME" NVARCHAR2(50), "CONTENT_TYPE_ID" NUMBER(11,0) NOT NULL, "CODENAME" NVARCHAR2(100));

-- ----------------------------
--  Records of AUTH_PERMISSION
-- ----------------------------
INSERT INTO "ISIS2304031420"."AUTH_PERMISSION" VALUES ('48', 'Can add active', '30', 'add_active');
INSERT INTO "ISIS2304031420"."AUTH_PERMISSION" VALUES ('49', 'Can change active', '30', 'change_active');
INSERT INTO "ISIS2304031420"."AUTH_PERMISSION" VALUES ('50', 'Can delete active', '30', 'delete_active');
INSERT INTO "ISIS2304031420"."AUTH_PERMISSION" VALUES ('51', 'Can add investor', '31', 'add_investor');
INSERT INTO "ISIS2304031420"."AUTH_PERMISSION" VALUES ('52', 'Can change investor', '31', 'change_investor');
INSERT INTO "ISIS2304031420"."AUTH_PERMISSION" VALUES ('53', 'Can delete investor', '31', 'delete_investor');
INSERT INTO "ISIS2304031420"."AUTH_PERMISSION" VALUES ('60', 'Can add comment', '34', 'add_comment');
INSERT INTO "ISIS2304031420"."AUTH_PERMISSION" VALUES ('61', 'Can change comment', '34', 'change_comment');
INSERT INTO "ISIS2304031420"."AUTH_PERMISSION" VALUES ('62', 'Can delete comment', '34', 'delete_comment');
INSERT INTO "ISIS2304031420"."AUTH_PERMISSION" VALUES ('63', 'Can add offerant', '35', 'add_offerant');
INSERT INTO "ISIS2304031420"."AUTH_PERMISSION" VALUES ('64', 'Can change offerant', '35', 'change_offerant');
INSERT INTO "ISIS2304031420"."AUTH_PERMISSION" VALUES ('65', 'Can delete offerant', '35', 'delete_offerant');
INSERT INTO "ISIS2304031420"."AUTH_PERMISSION" VALUES ('66', 'Can add passive', '36', 'add_passive');
INSERT INTO "ISIS2304031420"."AUTH_PERMISSION" VALUES ('67', 'Can change passive', '36', 'change_passive');
INSERT INTO "ISIS2304031420"."AUTH_PERMISSION" VALUES ('68', 'Can delete passive', '36', 'delete_passive');
INSERT INTO "ISIS2304031420"."AUTH_PERMISSION" VALUES ('69', 'Can add solicitude', '37', 'add_solicitude');
INSERT INTO "ISIS2304031420"."AUTH_PERMISSION" VALUES ('70', 'Can change solicitude', '37', 'change_solicitude');
INSERT INTO "ISIS2304031420"."AUTH_PERMISSION" VALUES ('71', 'Can delete solicitude', '37', 'delete_solicitude');
INSERT INTO "ISIS2304031420"."AUTH_PERMISSION" VALUES ('72', 'Can add contact', '38', 'add_contact');
INSERT INTO "ISIS2304031420"."AUTH_PERMISSION" VALUES ('73', 'Can change contact', '38', 'change_contact');
INSERT INTO "ISIS2304031420"."AUTH_PERMISSION" VALUES ('74', 'Can delete contact', '38', 'delete_contact');
INSERT INTO "ISIS2304031420"."AUTH_PERMISSION" VALUES ('75', 'Can add location', '39', 'add_location');
INSERT INTO "ISIS2304031420"."AUTH_PERMISSION" VALUES ('76', 'Can change location', '39', 'change_location');
INSERT INTO "ISIS2304031420"."AUTH_PERMISSION" VALUES ('77', 'Can delete location', '39', 'delete_location');
INSERT INTO "ISIS2304031420"."AUTH_PERMISSION" VALUES ('78', 'Can add professional', '40', 'add_professional');
INSERT INTO "ISIS2304031420"."AUTH_PERMISSION" VALUES ('79', 'Can change professional', '40', 'change_professional');
INSERT INTO "ISIS2304031420"."AUTH_PERMISSION" VALUES ('80', 'Can delete professional', '40', 'delete_professional');
INSERT INTO "ISIS2304031420"."AUTH_PERMISSION" VALUES ('81', 'Can add profile', '41', 'add_profile');
INSERT INTO "ISIS2304031420"."AUTH_PERMISSION" VALUES ('82', 'Can change profile', '41', 'change_profile');
INSERT INTO "ISIS2304031420"."AUTH_PERMISSION" VALUES ('83', 'Can delete profile', '41', 'delete_profile');
INSERT INTO "ISIS2304031420"."AUTH_PERMISSION" VALUES ('84', 'Can add swap transaction', '42', 'add_swaptransaction');
INSERT INTO "ISIS2304031420"."AUTH_PERMISSION" VALUES ('85', 'Can change swap transaction', '42', 'change_swaptransaction');
INSERT INTO "ISIS2304031420"."AUTH_PERMISSION" VALUES ('86', 'Can delete swap transaction', '42', 'delete_swaptransaction');
INSERT INTO "ISIS2304031420"."AUTH_PERMISSION" VALUES ('87', 'Can add rent', '43', 'add_rent');
INSERT INTO "ISIS2304031420"."AUTH_PERMISSION" VALUES ('88', 'Can change rent', '43', 'change_rent');
INSERT INTO "ISIS2304031420"."AUTH_PERMISSION" VALUES ('89', 'Can delete rent', '43', 'delete_rent');
INSERT INTO "ISIS2304031420"."AUTH_PERMISSION" VALUES ('90', 'Can add val', '44', 'add_val');
INSERT INTO "ISIS2304031420"."AUTH_PERMISSION" VALUES ('91', 'Can change val', '44', 'change_val');
INSERT INTO "ISIS2304031420"."AUTH_PERMISSION" VALUES ('92', 'Can delete val', '44', 'delete_val');
INSERT INTO "ISIS2304031420"."AUTH_PERMISSION" VALUES ('93', 'Can add new', '45', 'add_new');
INSERT INTO "ISIS2304031420"."AUTH_PERMISSION" VALUES ('94', 'Can change new', '45', 'change_new');
INSERT INTO "ISIS2304031420"."AUTH_PERMISSION" VALUES ('95', 'Can delete new', '45', 'delete_new');
INSERT INTO "ISIS2304031420"."AUTH_PERMISSION" VALUES ('21', 'Can add log entry', '21', 'add_logentry');
INSERT INTO "ISIS2304031420"."AUTH_PERMISSION" VALUES ('22', 'Can change log entry', '21', 'change_logentry');
INSERT INTO "ISIS2304031420"."AUTH_PERMISSION" VALUES ('23', 'Can delete log entry', '21', 'delete_logentry');
INSERT INTO "ISIS2304031420"."AUTH_PERMISSION" VALUES ('24', 'Can add permission', '22', 'add_permission');
INSERT INTO "ISIS2304031420"."AUTH_PERMISSION" VALUES ('25', 'Can change permission', '22', 'change_permission');
INSERT INTO "ISIS2304031420"."AUTH_PERMISSION" VALUES ('26', 'Can delete permission', '22', 'delete_permission');
INSERT INTO "ISIS2304031420"."AUTH_PERMISSION" VALUES ('27', 'Can add group', '23', 'add_group');
INSERT INTO "ISIS2304031420"."AUTH_PERMISSION" VALUES ('28', 'Can change group', '23', 'change_group');
INSERT INTO "ISIS2304031420"."AUTH_PERMISSION" VALUES ('29', 'Can delete group', '23', 'delete_group');
INSERT INTO "ISIS2304031420"."AUTH_PERMISSION" VALUES ('30', 'Can add user', '24', 'add_user');
INSERT INTO "ISIS2304031420"."AUTH_PERMISSION" VALUES ('31', 'Can change user', '24', 'change_user');
INSERT INTO "ISIS2304031420"."AUTH_PERMISSION" VALUES ('32', 'Can delete user', '24', 'delete_user');
INSERT INTO "ISIS2304031420"."AUTH_PERMISSION" VALUES ('33', 'Can add content type', '25', 'add_contenttype');
INSERT INTO "ISIS2304031420"."AUTH_PERMISSION" VALUES ('34', 'Can change content type', '25', 'change_contenttype');
INSERT INTO "ISIS2304031420"."AUTH_PERMISSION" VALUES ('35', 'Can delete content type', '25', 'delete_contenttype');
INSERT INTO "ISIS2304031420"."AUTH_PERMISSION" VALUES ('36', 'Can add session', '26', 'add_session');
INSERT INTO "ISIS2304031420"."AUTH_PERMISSION" VALUES ('37', 'Can change session', '26', 'change_session');
INSERT INTO "ISIS2304031420"."AUTH_PERMISSION" VALUES ('38', 'Can delete session', '26', 'delete_session');
INSERT INTO "ISIS2304031420"."AUTH_PERMISSION" VALUES ('39', 'Can add generic user', '27', 'add_genericuser');
INSERT INTO "ISIS2304031420"."AUTH_PERMISSION" VALUES ('40', 'Can change generic user', '27', 'change_genericuser');
INSERT INTO "ISIS2304031420"."AUTH_PERMISSION" VALUES ('41', 'Can delete generic user', '27', 'delete_genericuser');
INSERT INTO "ISIS2304031420"."AUTH_PERMISSION" VALUES ('42', 'Can add legal', '28', 'add_legal');
INSERT INTO "ISIS2304031420"."AUTH_PERMISSION" VALUES ('43', 'Can change legal', '28', 'change_legal');
INSERT INTO "ISIS2304031420"."AUTH_PERMISSION" VALUES ('44', 'Can delete legal', '28', 'delete_legal');
INSERT INTO "ISIS2304031420"."AUTH_PERMISSION" VALUES ('101', 'Can add active passive', '61', 'add_activepassive');
INSERT INTO "ISIS2304031420"."AUTH_PERMISSION" VALUES ('102', 'Can change active passive', '61', 'change_activepassive');
INSERT INTO "ISIS2304031420"."AUTH_PERMISSION" VALUES ('103', 'Can delete active passive', '61', 'delete_activepassive');
INSERT INTO "ISIS2304031420"."AUTH_PERMISSION" VALUES ('104', 'Can add portfolio', '62', 'add_portfolio');
INSERT INTO "ISIS2304031420"."AUTH_PERMISSION" VALUES ('105', 'Can change portfolio', '62', 'change_portfolio');
INSERT INTO "ISIS2304031420"."AUTH_PERMISSION" VALUES ('106', 'Can delete portfolio', '62', 'delete_portfolio');
INSERT INTO "ISIS2304031420"."AUTH_PERMISSION" VALUES ('107', 'Can add portfolio val', '63', 'add_portfolioval');
INSERT INTO "ISIS2304031420"."AUTH_PERMISSION" VALUES ('108', 'Can change portfolio val', '63', 'change_portfolioval');
INSERT INTO "ISIS2304031420"."AUTH_PERMISSION" VALUES ('109', 'Can delete portfolio val', '63', 'delete_portfolioval');
COMMIT;

-- ----------------------------
--  Table structure for AUTH_GROUP
-- ----------------------------
DROP TABLE "ISIS2304031420"."AUTH_GROUP";
CREATE TABLE "AUTH_GROUP" (   "ID" NUMBER(11,0) NOT NULL, "NAME" NVARCHAR2(80));

-- ----------------------------
--  Table structure for AUTH_GROUP_PERMISSIONS
-- ----------------------------
DROP TABLE "ISIS2304031420"."AUTH_GROUP_PERMISSIONS";
CREATE TABLE "AUTH_GROUP_PERMISSIONS" (   "ID" NUMBER(11,0) NOT NULL, "GROUP_ID" NUMBER(11,0) NOT NULL, "PERMISSION_ID" NUMBER(11,0) NOT NULL);

-- ----------------------------
--  Table structure for AUTH_USER
-- ----------------------------
DROP TABLE "ISIS2304031420"."AUTH_USER";
CREATE TABLE "AUTH_USER" (   "ID" NUMBER(11,0) NOT NULL, "PASSWORD" NVARCHAR2(128), "LAST_LOGIN" TIMESTAMP(6) NOT NULL, "IS_SUPERUSER" NUMBER(1,0) NOT NULL, "USERNAME" NVARCHAR2(30), "FIRST_NAME" NVARCHAR2(30), "LAST_NAME" NVARCHAR2(30), "EMAIL" NVARCHAR2(75), "IS_STAFF" NUMBER(1,0) NOT NULL, "IS_ACTIVE" NUMBER(1,0) NOT NULL, "DATE_JOINED" TIMESTAMP(6) NOT NULL);

-- ----------------------------
--  Records of AUTH_USER
-- ----------------------------
INSERT INTO "ISIS2304031420"."AUTH_USER" VALUES ('21', 'pbkdf2_sha256$12000$BTZJpr18qdpL$06v3EhZue1GVzW/J7WY01h9VA5QtyDagXcdUVvzH0JM=', TO_TIMESTAMP('2014-10-19 22:16:07.556787','YYYY-MM-DD HH24:MI:SS.FF'), '1', 'admin', null, null, 'admin@swap.com', '1', '1', TO_TIMESTAMP('2014-10-11 05:40:21.047239','YYYY-MM-DD HH24:MI:SS.FF'));
COMMIT;

-- ----------------------------
--  Table structure for AUTH_USER_GROUPS
-- ----------------------------
DROP TABLE "ISIS2304031420"."AUTH_USER_GROUPS";
CREATE TABLE "AUTH_USER_GROUPS" (   "ID" NUMBER(11,0) NOT NULL, "USER_ID" NUMBER(11,0) NOT NULL, "GROUP_ID" NUMBER(11,0) NOT NULL);

-- ----------------------------
--  Table structure for AUTH_USER_USER_PERMISSIONS
-- ----------------------------
DROP TABLE "ISIS2304031420"."AUTH_USER_USER_PERMISSIONS";
CREATE TABLE "AUTH_USER_USER_PERMISSIONS" (   "ID" NUMBER(11,0) NOT NULL, "USER_ID" NUMBER(11,0) NOT NULL, "PERMISSION_ID" NUMBER(11,0) NOT NULL);

-- ----------------------------
--  Table structure for DJANGO_ADMIN_LOG
-- ----------------------------
DROP TABLE "ISIS2304031420"."DJANGO_ADMIN_LOG";
CREATE TABLE "DJANGO_ADMIN_LOG" (   "ID" NUMBER(11,0) NOT NULL, "ACTION_TIME" TIMESTAMP(6) NOT NULL, "OBJECT_ID" NCLOB, "OBJECT_REPR" NVARCHAR2(200), "ACTION_FLAG" NUMBER(11,0) NOT NULL, "CHANGE_MESSAGE" NCLOB, "CONTENT_TYPE_ID" NUMBER(11,0), "USER_ID" NUMBER(11,0) NOT NULL);

-- ----------------------------
--  Table structure for DJANGO_SESSION
-- ----------------------------
DROP TABLE "ISIS2304031420"."DJANGO_SESSION";
CREATE TABLE "DJANGO_SESSION" (   "SESSION_KEY" NVARCHAR2(40) NOT NULL, "SESSION_DATA" NCLOB, "EXPIRE_DATE" TIMESTAMP(6) NOT NULL);

-- ----------------------------
--  Table structure for SOLICITUDES
-- ----------------------------
DROP TABLE "ISIS2304031420"."SOLICITUDES";
CREATE TABLE "SOLICITUDES" (   "PK_ID" NUMBER NOT NULL, "REQUEST_TYPE" VARCHAR2(1BYTE) NOT NULL, "AMOUNT" FLOAT(126) NOT NULL, "AMOUNT_UNIT" VARCHAR2(1BYTE) NOT NULL, "CREATED_AT" TIMESTAMP(6) NOT NULL, "ACTIVE_LOGIN" VARCHAR2(20BYTE) NOT NULL);

-- ----------------------------
--  Table structure for SWAP_TRANSACTIONS
-- ----------------------------
DROP TABLE "ISIS2304031420"."SWAP_TRANSACTIONS";
CREATE TABLE "SWAP_TRANSACTIONS" (   "PK_ID" NUMBER NOT NULL, "CREATED_AT" TIMESTAMP(6) NOT NULL, "SOLICITUDE_1_PK" NUMBER NOT NULL, "SOLICITUDE_2_PK" NUMBER NOT NULL);

-- ----------------------------
--  Sequence structure for AUTH_GROUP_PERMISSIONS_SQ
-- ----------------------------
DROP SEQUENCE "ISIS2304031420"."AUTH_GROUP_PERMISSIONS_SQ";;
CREATE SEQUENCE "AUTH_GROUP_PERMISSIONS_SQ" INCREMENT BY 1 START WITH 1 MAXVALUE 9999999999999999999999999999 MINVALUE 1 NOCYCLE CACHE 20 NOORDER;

-- ----------------------------
--  Sequence structure for AUTH_GROUP_SQ
-- ----------------------------
DROP SEQUENCE "ISIS2304031420"."AUTH_GROUP_SQ";;
CREATE SEQUENCE "AUTH_GROUP_SQ" INCREMENT BY 1 START WITH 1 MAXVALUE 9999999999999999999999999999 MINVALUE 1 NOCYCLE CACHE 20 NOORDER;

-- ----------------------------
--  Sequence structure for AUTH_PERMISSION_SQ
-- ----------------------------
DROP SEQUENCE "ISIS2304031420"."AUTH_PERMISSION_SQ";;
CREATE SEQUENCE "AUTH_PERMISSION_SQ" INCREMENT BY 1 START WITH 121 MAXVALUE 9999999999999999999999999999 MINVALUE 1 NOCYCLE CACHE 20 NOORDER;

-- ----------------------------
--  Sequence structure for AUTH_USER_GROUPS_SQ
-- ----------------------------
DROP SEQUENCE "ISIS2304031420"."AUTH_USER_GROUPS_SQ";;
CREATE SEQUENCE "AUTH_USER_GROUPS_SQ" INCREMENT BY 1 START WITH 1 MAXVALUE 9999999999999999999999999999 MINVALUE 1 NOCYCLE CACHE 20 NOORDER;

-- ----------------------------
--  Sequence structure for AUTH_USER_SQ
-- ----------------------------
DROP SEQUENCE "ISIS2304031420"."AUTH_USER_SQ";;
CREATE SEQUENCE "AUTH_USER_SQ" INCREMENT BY 1 START WITH 41 MAXVALUE 9999999999999999999999999999 MINVALUE 1 NOCYCLE CACHE 20 NOORDER;

-- ----------------------------
--  Sequence structure for AUTH_USER_USER_PERMISSIONS_SQ
-- ----------------------------
DROP SEQUENCE "ISIS2304031420"."AUTH_USER_USER_PERMISSIONS_SQ";;
CREATE SEQUENCE "AUTH_USER_USER_PERMISSIONS_SQ" INCREMENT BY 1 START WITH 1 MAXVALUE 9999999999999999999999999999 MINVALUE 1 NOCYCLE CACHE 20 NOORDER;

-- ----------------------------
--  Sequence structure for DJANGO_ADMIN_LOG_SQ
-- ----------------------------
DROP SEQUENCE "ISIS2304031420"."DJANGO_ADMIN_LOG_SQ";;
CREATE SEQUENCE "DJANGO_ADMIN_LOG_SQ" INCREMENT BY 1 START WITH 1 MAXVALUE 9999999999999999999999999999 MINVALUE 1 NOCYCLE CACHE 20 NOORDER;

-- ----------------------------
--  Sequence structure for DJANGO_CONTENT_TYPE_SQ
-- ----------------------------
DROP SEQUENCE "ISIS2304031420"."DJANGO_CONTENT_TYPE_SQ";;
CREATE SEQUENCE "DJANGO_CONTENT_TYPE_SQ" INCREMENT BY 1 START WITH 81 MAXVALUE 9999999999999999999999999999 MINVALUE 1 NOCYCLE CACHE 20 NOORDER;

-- ----------------------------
--  Sequence structure for DJANGO_MIGRATIONS_SQ
-- ----------------------------
DROP SEQUENCE "ISIS2304031420"."DJANGO_MIGRATIONS_SQ";;
CREATE SEQUENCE "DJANGO_MIGRATIONS_SQ" INCREMENT BY 1 START WITH 81 MAXVALUE 9999999999999999999999999999 MINVALUE 1 NOCYCLE CACHE 20 NOORDER;

-- ----------------------------
--  Primary key structure for table PORTFOLIOS
-- ----------------------------
ALTER TABLE "ISIS2304031420"."PORTFOLIOS" ADD CONSTRAINT "SYS_C00151606" PRIMARY KEY("PK_ID");

-- ----------------------------
--  Primary key structure for table PORTFOLIOS_VALS
-- ----------------------------
ALTER TABLE "ISIS2304031420"."PORTFOLIOS_VALS" ADD CONSTRAINT "SYS_C00151607" PRIMARY KEY("PK_ID");

-- ----------------------------
--  Primary key structure for table PASSIVES
-- ----------------------------
ALTER TABLE "ISIS2304031420"."PASSIVES" ADD CONSTRAINT "SYS_C00135606" PRIMARY KEY("PASSIVE_REGISTER");

-- ----------------------------
--  Uniques structure for table PASSIVES
-- ----------------------------
ALTER TABLE "ISIS2304031420"."PASSIVES" ADD CONSTRAINT "SYS_C00135607" UNIQUE ("USER_LOGIN") ENABLE;

-- ----------------------------
--  Checks structure for table PASSIVES
-- ----------------------------
ALTER TABLE "ISIS2304031420"."PASSIVES" ADD CONSTRAINT "SYS_C00135605" CHECK ("USER_LOGIN" IS NOT NULL) ENABLE;

-- ----------------------------
--  Primary key structure for table USERS
-- ----------------------------
ALTER TABLE "ISIS2304031420"."USERS" ADD CONSTRAINT "SYS_C00135604" PRIMARY KEY("LOGIN");

-- ----------------------------
--  Checks structure for table USERS
-- ----------------------------
ALTER TABLE "ISIS2304031420"."USERS" ADD CONSTRAINT "SYS_C00135599" CHECK ("USER_ID" IS NOT NULL) ENABLE ADD CONSTRAINT "SYS_C00135600" CHECK ("FIRST_NAME" IS NOT NULL) ENABLE ADD CONSTRAINT "SYS_C00135601" CHECK ("LAST_NAME" IS NOT NULL) ENABLE ADD CONSTRAINT "SYS_C00135602" CHECK ("EMAIL" IS NOT NULL) ENABLE ADD CONSTRAINT "SYS_C00135603" CHECK ("PHONE" IS NOT NULL) ENABLE;

-- ----------------------------
--  Primary key structure for table ACTIVES
-- ----------------------------
ALTER TABLE "ISIS2304031420"."ACTIVES" ADD CONSTRAINT "SYS_C00135611" PRIMARY KEY("USER_LOGIN");

-- ----------------------------
--  Checks structure for table ACTIVES
-- ----------------------------
ALTER TABLE "ISIS2304031420"."ACTIVES" ADD CONSTRAINT "SYS_C00135610" CHECK ("AVAILABLE_MONEY" IS NOT NULL) ENABLE;

-- ----------------------------
--  Primary key structure for table LEGALS
-- ----------------------------
ALTER TABLE "ISIS2304031420"."LEGALS" ADD CONSTRAINT "SYS_C00135617" PRIMARY KEY("LEGAL_ID");

-- ----------------------------
--  Uniques structure for table LEGALS
-- ----------------------------
ALTER TABLE "ISIS2304031420"."LEGALS" ADD CONSTRAINT "SYS_C00135618" UNIQUE ("USER_LOGIN") ENABLE;

-- ----------------------------
--  Checks structure for table LEGALS
-- ----------------------------
ALTER TABLE "ISIS2304031420"."LEGALS" ADD CONSTRAINT "SYS_C00135615" CHECK ("LEGAL_NAME" IS NOT NULL) ENABLE ADD CONSTRAINT "SYS_C00135616" CHECK ("USER_LOGIN" IS NOT NULL) ENABLE;

-- ----------------------------
--  Primary key structure for table INVESTORS
-- ----------------------------
ALTER TABLE "ISIS2304031420"."INVESTORS" ADD CONSTRAINT "SYS_C00135621" PRIMARY KEY("USER_LOGIN");

-- ----------------------------
--  Checks structure for table INVESTORS
-- ----------------------------
ALTER TABLE "ISIS2304031420"."INVESTORS" ADD CONSTRAINT "SYS_C00135620" CHECK ("IS_ENTERPRISE" IS NOT NULL) ENABLE;

-- ----------------------------
--  Primary key structure for table OFFERANTS
-- ----------------------------
ALTER TABLE "ISIS2304031420"."OFFERANTS" ADD CONSTRAINT "SYS_C00135624" PRIMARY KEY("USER_LOGIN");

-- ----------------------------
--  Checks structure for table OFFERANTS
-- ----------------------------
ALTER TABLE "ISIS2304031420"."OFFERANTS" ADD CONSTRAINT "SYS_C00135623" CHECK ("OFFERANT_TYPE" IS NOT NULL) ENABLE;

-- ----------------------------
--  Primary key structure for table RENTS
-- ----------------------------
ALTER TABLE "ISIS2304031420"."RENTS" ADD CONSTRAINT "SYS_C00135632" PRIMARY KEY("PK_ID");

-- ----------------------------
--  Checks structure for table RENTS
-- ----------------------------
ALTER TABLE "ISIS2304031420"."RENTS" ADD CONSTRAINT "SYS_C00135626" CHECK ("RENT_NAME" IS NOT NULL) ENABLE ADD CONSTRAINT "SYS_C00135627" CHECK ("DESCRIPTION" IS NOT NULL) ENABLE ADD CONSTRAINT "SYS_C00135628" CHECK ("RENT_FUNCTION" IS NOT NULL) ENABLE ADD CONSTRAINT "SYS_C00135629" CHECK ("RENT_LENGTH" IS NOT NULL) ENABLE ADD CONSTRAINT "SYS_C00135630" CHECK ("RENT_TYPE" IS NOT NULL) ENABLE ADD CONSTRAINT "SYS_C00135631" CHECK ("OFFERANT_LOGIN" IS NOT NULL) ENABLE;

-- ----------------------------
--  Primary key structure for table VALS
-- ----------------------------
ALTER TABLE "ISIS2304031420"."VALS" ADD CONSTRAINT "SYS_C00135640" PRIMARY KEY("PK_ID");

-- ----------------------------
--  Checks structure for table VALS
-- ----------------------------
ALTER TABLE "ISIS2304031420"."VALS" ADD CONSTRAINT "SYS_C00135634" CHECK ("VAL_NAME" IS NOT NULL) ENABLE ADD CONSTRAINT "SYS_C00135635" CHECK ("DESCRIPTION" IS NOT NULL) ENABLE ADD CONSTRAINT "SYS_C00135636" CHECK ("VAL_TYPE" IS NOT NULL) ENABLE ADD CONSTRAINT "SYS_C00135637" CHECK ("AMOUNT" IS NOT NULL) ENABLE ADD CONSTRAINT "SYS_C00135638" CHECK ("PRICE" IS NOT NULL) ENABLE ADD CONSTRAINT "SYS_C00135639" CHECK ("RENT_ID" IS NOT NULL) ENABLE;

-- ----------------------------
--  Primary key structure for table DJANGO_MIGRATIONS
-- ----------------------------
ALTER TABLE "ISIS2304031420"."DJANGO_MIGRATIONS" ADD CONSTRAINT "SYS_C00144877" PRIMARY KEY("ID");

-- ----------------------------
--  Checks structure for table DJANGO_MIGRATIONS
-- ----------------------------
ALTER TABLE "ISIS2304031420"."DJANGO_MIGRATIONS" ADD CONSTRAINT "SYS_C00144875" CHECK ("ID" IS NOT NULL) ENABLE ADD CONSTRAINT "SYS_C00144876" CHECK ("APPLIED" IS NOT NULL) ENABLE;

-- ----------------------------
--  Triggers structure for table DJANGO_MIGRATIONS
-- ----------------------------
CREATE TRIGGER ""."DJANGO_MIGRATIONS_TR" BEFORE INSERT ON "ISIS2304031420"."DJANGO_MIGRATIONS" REFERENCING OLD AS "OLD" NEW AS "NEW" FOR EACH ROW ENABLE WHEN (new."ID" IS NULL) BEGIN
        SELECT "DJANGO_MIGRATIONS_SQ".nextval
        INTO :new."ID" FROM dual;
    END;

/


-- ----------------------------
--  Primary key structure for table DJANGO_CONTENT_TYPE
-- ----------------------------
ALTER TABLE "ISIS2304031420"."DJANGO_CONTENT_TYPE" ADD CONSTRAINT "SYS_C00144879" PRIMARY KEY("ID");

-- ----------------------------
--  Uniques structure for table DJANGO_CONTENT_TYPE
-- ----------------------------
ALTER TABLE "ISIS2304031420"."DJANGO_CONTENT_TYPE" ADD CONSTRAINT "D85D5DBB541FAB8F1DF26BA8B130BE" UNIQUE ("APP_LABEL","MODEL") ENABLE;

-- ----------------------------
--  Checks structure for table DJANGO_CONTENT_TYPE
-- ----------------------------
ALTER TABLE "ISIS2304031420"."DJANGO_CONTENT_TYPE" ADD CONSTRAINT "SYS_C00144878" CHECK ("ID" IS NOT NULL) ENABLE;

-- ----------------------------
--  Triggers structure for table DJANGO_CONTENT_TYPE
-- ----------------------------
CREATE TRIGGER ""."DJANGO_CONTENT_TYPE_TR" BEFORE INSERT ON "ISIS2304031420"."DJANGO_CONTENT_TYPE" REFERENCING OLD AS "OLD" NEW AS "NEW" FOR EACH ROW ENABLE WHEN (new."ID" IS NULL) BEGIN
        SELECT "DJANGO_CONTENT_TYPE_SQ".nextval
        INTO :new."ID" FROM dual;
    END;

/


-- ----------------------------
--  Primary key structure for table AUTH_PERMISSION
-- ----------------------------
ALTER TABLE "ISIS2304031420"."AUTH_PERMISSION" ADD CONSTRAINT "SYS_C00144883" PRIMARY KEY("ID");

-- ----------------------------
--  Uniques structure for table AUTH_PERMISSION
-- ----------------------------
ALTER TABLE "ISIS2304031420"."AUTH_PERMISSION" ADD CONSTRAINT "SYS_C00144884" UNIQUE ("CONTENT_TYPE_ID","CODENAME") ENABLE;

-- ----------------------------
--  Checks structure for table AUTH_PERMISSION
-- ----------------------------
ALTER TABLE "ISIS2304031420"."AUTH_PERMISSION" ADD CONSTRAINT "SYS_C00144881" CHECK ("ID" IS NOT NULL) ENABLE ADD CONSTRAINT "SYS_C00144882" CHECK ("CONTENT_TYPE_ID" IS NOT NULL) ENABLE;

-- ----------------------------
--  Indexes structure for table AUTH_PERMISSION
-- ----------------------------
CREATE INDEX ISIS2304031420.AUTH_PERMISSION_417F1B1C ON ISIS2304031420.AUTH_PERMISSION (CONTENT_TYPE_ID ASC) TABLESPACE TBSPROD LOGGING VISIBLE PCTFREE 10 INITRANS 2 MAXTRANS 255 STORAGE( INITIAL 65536 NEXT 1048576 MINEXTENTS 1 MAXEXTENTS 2147483645);

-- ----------------------------
--  Triggers structure for table AUTH_PERMISSION
-- ----------------------------
CREATE TRIGGER ""."AUTH_PERMISSION_TR" BEFORE INSERT ON "ISIS2304031420"."AUTH_PERMISSION" REFERENCING OLD AS "OLD" NEW AS "NEW" FOR EACH ROW ENABLE WHEN (new."ID" IS NULL) BEGIN
        SELECT "AUTH_PERMISSION_SQ".nextval
        INTO :new."ID" FROM dual;
    END;

/


-- ----------------------------
--  Primary key structure for table AUTH_GROUP
-- ----------------------------
ALTER TABLE "ISIS2304031420"."AUTH_GROUP" ADD CONSTRAINT "SYS_C00144886" PRIMARY KEY("ID");

-- ----------------------------
--  Uniques structure for table AUTH_GROUP
-- ----------------------------
ALTER TABLE "ISIS2304031420"."AUTH_GROUP" ADD CONSTRAINT "SYS_C00144887" UNIQUE ("NAME") ENABLE;

-- ----------------------------
--  Checks structure for table AUTH_GROUP
-- ----------------------------
ALTER TABLE "ISIS2304031420"."AUTH_GROUP" ADD CONSTRAINT "SYS_C00144885" CHECK ("ID" IS NOT NULL) ENABLE;

-- ----------------------------
--  Triggers structure for table AUTH_GROUP
-- ----------------------------
CREATE TRIGGER ""."AUTH_GROUP_TR" BEFORE INSERT ON "ISIS2304031420"."AUTH_GROUP" REFERENCING OLD AS "OLD" NEW AS "NEW" FOR EACH ROW ENABLE WHEN (new."ID" IS NULL) BEGIN
        SELECT "AUTH_GROUP_SQ".nextval
        INTO :new."ID" FROM dual;
    END;

/


-- ----------------------------
--  Primary key structure for table AUTH_GROUP_PERMISSIONS
-- ----------------------------
ALTER TABLE "ISIS2304031420"."AUTH_GROUP_PERMISSIONS" ADD CONSTRAINT "SYS_C00144891" PRIMARY KEY("ID");

-- ----------------------------
--  Uniques structure for table AUTH_GROUP_PERMISSIONS
-- ----------------------------
ALTER TABLE "ISIS2304031420"."AUTH_GROUP_PERMISSIONS" ADD CONSTRAINT "SYS_C00144892" UNIQUE ("GROUP_ID","PERMISSION_ID") ENABLE;

-- ----------------------------
--  Checks structure for table AUTH_GROUP_PERMISSIONS
-- ----------------------------
ALTER TABLE "ISIS2304031420"."AUTH_GROUP_PERMISSIONS" ADD CONSTRAINT "SYS_C00144888" CHECK ("ID" IS NOT NULL) ENABLE ADD CONSTRAINT "SYS_C00144889" CHECK ("GROUP_ID" IS NOT NULL) ENABLE ADD CONSTRAINT "SYS_C00144890" CHECK ("PERMISSION_ID" IS NOT NULL) ENABLE;

-- ----------------------------
--  Indexes structure for table AUTH_GROUP_PERMISSIONS
-- ----------------------------
CREATE INDEX ISIS2304031420.AUTH_GROUP_PERMISSIONS_0E9922A ON ISIS2304031420.AUTH_GROUP_PERMISSIONS (GROUP_ID ASC) TABLESPACE TBSPROD LOGGING VISIBLE PCTFREE 10 INITRANS 2 MAXTRANS 255;
CREATE INDEX ISIS2304031420.AUTH_GROUP_PERMISSIONS_837A862 ON ISIS2304031420.AUTH_GROUP_PERMISSIONS (PERMISSION_ID ASC) TABLESPACE TBSPROD LOGGING VISIBLE PCTFREE 10 INITRANS 2 MAXTRANS 255;

-- ----------------------------
--  Triggers structure for table AUTH_GROUP_PERMISSIONS
-- ----------------------------
CREATE TRIGGER ""."AUTH_GROUP_PERMISSIONS_TR" BEFORE INSERT ON "ISIS2304031420"."AUTH_GROUP_PERMISSIONS" REFERENCING OLD AS "OLD" NEW AS "NEW" FOR EACH ROW ENABLE WHEN (new."ID" IS NULL) BEGIN
        SELECT "AUTH_GROUP_PERMISSIONS_SQ".nextval
        INTO :new."ID" FROM dual;
    END;

/


-- ----------------------------
--  Primary key structure for table AUTH_USER
-- ----------------------------
ALTER TABLE "ISIS2304031420"."AUTH_USER" ADD CONSTRAINT "SYS_C00144902" PRIMARY KEY("ID");

-- ----------------------------
--  Uniques structure for table AUTH_USER
-- ----------------------------
ALTER TABLE "ISIS2304031420"."AUTH_USER" ADD CONSTRAINT "SYS_C00144903" UNIQUE ("USERNAME") ENABLE;

-- ----------------------------
--  Checks structure for table AUTH_USER
-- ----------------------------
ALTER TABLE "ISIS2304031420"."AUTH_USER" ADD CONSTRAINT "SYS_C00144893" CHECK ("ID" IS NOT NULL) ENABLE ADD CONSTRAINT "SYS_C00144894" CHECK ("LAST_LOGIN" IS NOT NULL) ENABLE ADD CONSTRAINT "SYS_C00144895" CHECK ("IS_SUPERUSER" IS NOT NULL) ENABLE ADD CONSTRAINT "SYS_C00144896" CHECK ("IS_STAFF" IS NOT NULL) ENABLE ADD CONSTRAINT "SYS_C00144897" CHECK ("IS_ACTIVE" IS NOT NULL) ENABLE ADD CONSTRAINT "SYS_C00144898" CHECK ("DATE_JOINED" IS NOT NULL) ENABLE ADD CONSTRAINT "SYS_C00144899" CHECK ("IS_SUPERUSER" IN (0,1)) ENABLE ADD CONSTRAINT "SYS_C00144900" CHECK ("IS_STAFF" IN (0,1)) ENABLE ADD CONSTRAINT "SYS_C00144901" CHECK ("IS_ACTIVE" IN (0,1)) ENABLE;

-- ----------------------------
--  Triggers structure for table AUTH_USER
-- ----------------------------
CREATE TRIGGER ""."AUTH_USER_TR" BEFORE INSERT ON "ISIS2304031420"."AUTH_USER" REFERENCING OLD AS "OLD" NEW AS "NEW" FOR EACH ROW ENABLE WHEN (new."ID" IS NULL) BEGIN
        SELECT "AUTH_USER_SQ".nextval
        INTO :new."ID" FROM dual;
    END;

/


-- ----------------------------
--  Primary key structure for table AUTH_USER_GROUPS
-- ----------------------------
ALTER TABLE "ISIS2304031420"."AUTH_USER_GROUPS" ADD CONSTRAINT "SYS_C00144907" PRIMARY KEY("ID");

-- ----------------------------
--  Uniques structure for table AUTH_USER_GROUPS
-- ----------------------------
ALTER TABLE "ISIS2304031420"."AUTH_USER_GROUPS" ADD CONSTRAINT "SYS_C00144908" UNIQUE ("USER_ID","GROUP_ID") ENABLE;

-- ----------------------------
--  Checks structure for table AUTH_USER_GROUPS
-- ----------------------------
ALTER TABLE "ISIS2304031420"."AUTH_USER_GROUPS" ADD CONSTRAINT "SYS_C00144904" CHECK ("ID" IS NOT NULL) ENABLE ADD CONSTRAINT "SYS_C00144905" CHECK ("USER_ID" IS NOT NULL) ENABLE ADD CONSTRAINT "SYS_C00144906" CHECK ("GROUP_ID" IS NOT NULL) ENABLE;

-- ----------------------------
--  Indexes structure for table AUTH_USER_GROUPS
-- ----------------------------
CREATE INDEX ISIS2304031420.AUTH_USER_GROUPS_0E939A4F ON ISIS2304031420.AUTH_USER_GROUPS (GROUP_ID ASC) TABLESPACE TBSPROD LOGGING VISIBLE PCTFREE 10 INITRANS 2 MAXTRANS 255;
CREATE INDEX ISIS2304031420.AUTH_USER_GROUPS_E8701AD4 ON ISIS2304031420.AUTH_USER_GROUPS (USER_ID ASC) TABLESPACE TBSPROD LOGGING VISIBLE PCTFREE 10 INITRANS 2 MAXTRANS 255;

-- ----------------------------
--  Triggers structure for table AUTH_USER_GROUPS
-- ----------------------------
CREATE TRIGGER ""."AUTH_USER_GROUPS_TR" BEFORE INSERT ON "ISIS2304031420"."AUTH_USER_GROUPS" REFERENCING OLD AS "OLD" NEW AS "NEW" FOR EACH ROW ENABLE WHEN (new."ID" IS NULL) BEGIN
        SELECT "AUTH_USER_GROUPS_SQ".nextval
        INTO :new."ID" FROM dual;
    END;

/


-- ----------------------------
--  Primary key structure for table AUTH_USER_USER_PERMISSIONS
-- ----------------------------
ALTER TABLE "ISIS2304031420"."AUTH_USER_USER_PERMISSIONS" ADD CONSTRAINT "SYS_C00144912" PRIMARY KEY("ID");

-- ----------------------------
--  Uniques structure for table AUTH_USER_USER_PERMISSIONS
-- ----------------------------
ALTER TABLE "ISIS2304031420"."AUTH_USER_USER_PERMISSIONS" ADD CONSTRAINT "SYS_C00144913" UNIQUE ("USER_ID","PERMISSION_ID") ENABLE;

-- ----------------------------
--  Checks structure for table AUTH_USER_USER_PERMISSIONS
-- ----------------------------
ALTER TABLE "ISIS2304031420"."AUTH_USER_USER_PERMISSIONS" ADD CONSTRAINT "SYS_C00144909" CHECK ("ID" IS NOT NULL) ENABLE ADD CONSTRAINT "SYS_C00144910" CHECK ("USER_ID" IS NOT NULL) ENABLE ADD CONSTRAINT "SYS_C00144911" CHECK ("PERMISSION_ID" IS NOT NULL) ENABLE;

-- ----------------------------
--  Indexes structure for table AUTH_USER_USER_PERMISSIONS
-- ----------------------------
CREATE INDEX ISIS2304031420.AUTH_USER_USER_PERMISSIONS1CCA ON ISIS2304031420.AUTH_USER_USER_PERMISSIONS (USER_ID ASC) TABLESPACE TBSPROD LOGGING VISIBLE PCTFREE 10 INITRANS 2 MAXTRANS 255;
CREATE INDEX ISIS2304031420.AUTH_USER_USER_PERMISSIONS8AFE ON ISIS2304031420.AUTH_USER_USER_PERMISSIONS (PERMISSION_ID ASC) TABLESPACE TBSPROD LOGGING VISIBLE PCTFREE 10 INITRANS 2 MAXTRANS 255;

-- ----------------------------
--  Triggers structure for table AUTH_USER_USER_PERMISSIONS
-- ----------------------------
CREATE TRIGGER ""."AUTH_USER_USER_PERMISSIONS_TR" BEFORE INSERT ON "ISIS2304031420"."AUTH_USER_USER_PERMISSIONS" REFERENCING OLD AS "OLD" NEW AS "NEW" FOR EACH ROW ENABLE WHEN (new."ID" IS NULL) BEGIN
        SELECT "AUTH_USER_USER_PERMISSIONS_SQ".nextval
        INTO :new."ID" FROM dual;
    END;

/


-- ----------------------------
--  Primary key structure for table DJANGO_ADMIN_LOG
-- ----------------------------
ALTER TABLE "ISIS2304031420"."DJANGO_ADMIN_LOG" ADD CONSTRAINT "SYS_C00144926" PRIMARY KEY("ID");

-- ----------------------------
--  Checks structure for table DJANGO_ADMIN_LOG
-- ----------------------------
ALTER TABLE "ISIS2304031420"."DJANGO_ADMIN_LOG" ADD CONSTRAINT "SYS_C00144921" CHECK ("ID" IS NOT NULL) ENABLE ADD CONSTRAINT "SYS_C00144922" CHECK ("ACTION_TIME" IS NOT NULL) ENABLE ADD CONSTRAINT "SYS_C00144923" CHECK ("ACTION_FLAG" IS NOT NULL) ENABLE ADD CONSTRAINT "SYS_C00144924" CHECK ("USER_ID" IS NOT NULL) ENABLE ADD CONSTRAINT "SYS_C00144925" CHECK ("ACTION_FLAG" >= 0) ENABLE;

-- ----------------------------
--  Indexes structure for table DJANGO_ADMIN_LOG
-- ----------------------------
CREATE INDEX ISIS2304031420.DJANGO_ADMIN_LOG_417F1B1C ON ISIS2304031420.DJANGO_ADMIN_LOG (CONTENT_TYPE_ID ASC) TABLESPACE TBSPROD LOGGING VISIBLE PCTFREE 10 INITRANS 2 MAXTRANS 255;
CREATE INDEX ISIS2304031420.DJANGO_ADMIN_LOG_E8701AD4 ON ISIS2304031420.DJANGO_ADMIN_LOG (USER_ID ASC) TABLESPACE TBSPROD LOGGING VISIBLE PCTFREE 10 INITRANS 2 MAXTRANS 255;

-- ----------------------------
--  Triggers structure for table DJANGO_ADMIN_LOG
-- ----------------------------
CREATE TRIGGER ""."DJANGO_ADMIN_LOG_TR" BEFORE INSERT ON "ISIS2304031420"."DJANGO_ADMIN_LOG" REFERENCING OLD AS "OLD" NEW AS "NEW" FOR EACH ROW ENABLE WHEN (new."ID" IS NULL) BEGIN
        SELECT "DJANGO_ADMIN_LOG_SQ".nextval
        INTO :new."ID" FROM dual;
    END;

/


-- ----------------------------
--  Primary key structure for table DJANGO_SESSION
-- ----------------------------
ALTER TABLE "ISIS2304031420"."DJANGO_SESSION" ADD CONSTRAINT "SYS_C00144931" PRIMARY KEY("SESSION_KEY");

-- ----------------------------
--  Checks structure for table DJANGO_SESSION
-- ----------------------------
ALTER TABLE "ISIS2304031420"."DJANGO_SESSION" ADD CONSTRAINT "SYS_C00144929" CHECK ("SESSION_KEY" IS NOT NULL) ENABLE ADD CONSTRAINT "SYS_C00144930" CHECK ("EXPIRE_DATE" IS NOT NULL) ENABLE;

-- ----------------------------
--  Indexes structure for table DJANGO_SESSION
-- ----------------------------
CREATE INDEX ISIS2304031420.DJANGO_SESSION_DE54FA62 ON ISIS2304031420.DJANGO_SESSION (EXPIRE_DATE ASC) TABLESPACE TBSPROD LOGGING VISIBLE PCTFREE 10 INITRANS 2 MAXTRANS 255;

-- ----------------------------
--  Primary key structure for table SOLICITUDES
-- ----------------------------
ALTER TABLE "ISIS2304031420"."SOLICITUDES" ADD CONSTRAINT "SYS_C00145022" PRIMARY KEY("PK_ID");

-- ----------------------------
--  Checks structure for table SOLICITUDES
-- ----------------------------
ALTER TABLE "ISIS2304031420"."SOLICITUDES" ADD CONSTRAINT "SYS_C00145017" CHECK ("REQUEST_TYPE" IS NOT NULL) ENABLE ADD CONSTRAINT "SYS_C00145018" CHECK ("AMOUNT" IS NOT NULL) ENABLE ADD CONSTRAINT "SYS_C00145019" CHECK ("AMOUNT_UNIT" IS NOT NULL) ENABLE ADD CONSTRAINT "SYS_C00145020" CHECK ("CREATED_AT" IS NOT NULL) ENABLE ADD CONSTRAINT "SYS_C00145021" CHECK ("ACTIVE_LOGIN" IS NOT NULL) ENABLE;

-- ----------------------------
--  Primary key structure for table SWAP_TRANSACTIONS
-- ----------------------------
ALTER TABLE "ISIS2304031420"."SWAP_TRANSACTIONS" ADD CONSTRAINT "SYS_C00145081" PRIMARY KEY("PK_ID");

-- ----------------------------
--  Checks structure for table SWAP_TRANSACTIONS
-- ----------------------------
ALTER TABLE "ISIS2304031420"."SWAP_TRANSACTIONS" ADD CONSTRAINT "SYS_C00145078" CHECK ("CREATED_AT" IS NOT NULL) ENABLE ADD CONSTRAINT "SYS_C00145079" CHECK ("SOLICITUDE_1_PK" IS NOT NULL) ENABLE ADD CONSTRAINT "SYS_C00145080" CHECK ("SOLICITUDE_2_PK" IS NOT NULL) ENABLE;

-- ----------------------------
--  Foreign keys structure for table ACTIVESPASSIVES
-- ----------------------------
ALTER TABLE "ISIS2304031420"."ACTIVESPASSIVES" ADD CONSTRAINT "SYS_C00151597" FOREIGN KEY ("ACTIVE_LOGIN") REFERENCES ""."ACTIVES" ("USER_LOGIN") ON DELETE CASCADE ENABLE ADD CONSTRAINT "SYS_C00151598" FOREIGN KEY ("PASSIVE_REGISTER") REFERENCES ""."PASSIVES" ("PASSIVE_REGISTER") ON DELETE CASCADE ENABLE;

-- ----------------------------
--  Foreign keys structure for table PORTFOLIOS
-- ----------------------------
ALTER TABLE "ISIS2304031420"."PORTFOLIOS" ADD CONSTRAINT "SYS_C00151600" FOREIGN KEY ("USER_LOGIN") REFERENCES ""."USERS" ("LOGIN") ON DELETE CASCADE ENABLE;

-- ----------------------------
--  Foreign keys structure for table PORTFOLIOS_VALS
-- ----------------------------
ALTER TABLE "ISIS2304031420"."PORTFOLIOS_VALS" ADD CONSTRAINT "SYS_C00151608" FOREIGN KEY ("PK_PORTFOLIO") REFERENCES ""."PORTFOLIOS" ("PK_ID") ON DELETE CASCADE ENABLE ADD CONSTRAINT "SYS_C00151609" FOREIGN KEY ("PK_VAL") REFERENCES ""."VALS" ("PK_ID") ON DELETE CASCADE ENABLE;

-- ----------------------------
--  Foreign keys structure for table PASSIVES
-- ----------------------------
ALTER TABLE "ISIS2304031420"."PASSIVES" ADD CONSTRAINT "SYS_C00135608" FOREIGN KEY ("USER_LOGIN") REFERENCES ""."USERS" ("LOGIN") ON DELETE CASCADE ENABLE;

-- ----------------------------
--  Foreign keys structure for table ACTIVES
-- ----------------------------
ALTER TABLE "ISIS2304031420"."ACTIVES" ADD CONSTRAINT "SYS_C00135613" FOREIGN KEY ("USER_LOGIN") REFERENCES ""."USERS" ("LOGIN") ON DELETE CASCADE ENABLE;

-- ----------------------------
--  Foreign keys structure for table LEGALS
-- ----------------------------
ALTER TABLE "ISIS2304031420"."LEGALS" ADD CONSTRAINT "SYS_C00135619" FOREIGN KEY ("USER_LOGIN") REFERENCES ""."USERS" ("LOGIN") ON DELETE CASCADE ENABLE;

-- ----------------------------
--  Foreign keys structure for table INVESTORS
-- ----------------------------
ALTER TABLE "ISIS2304031420"."INVESTORS" ADD CONSTRAINT "SYS_C00135622" FOREIGN KEY ("USER_LOGIN") REFERENCES ""."ACTIVES" ("USER_LOGIN") ON DELETE CASCADE ENABLE;

-- ----------------------------
--  Foreign keys structure for table OFFERANTS
-- ----------------------------
ALTER TABLE "ISIS2304031420"."OFFERANTS" ADD CONSTRAINT "SYS_C00135625" FOREIGN KEY ("USER_LOGIN") REFERENCES ""."ACTIVES" ("USER_LOGIN") ON DELETE CASCADE ENABLE;

-- ----------------------------
--  Foreign keys structure for table RENTS
-- ----------------------------
ALTER TABLE "ISIS2304031420"."RENTS" ADD CONSTRAINT "SYS_C00135633" FOREIGN KEY ("OFFERANT_LOGIN") REFERENCES ""."OFFERANTS" ("USER_LOGIN") ON DELETE CASCADE ENABLE;

-- ----------------------------
--  Foreign keys structure for table VALS
-- ----------------------------
ALTER TABLE "ISIS2304031420"."VALS" ADD CONSTRAINT "SYS_C00135642" FOREIGN KEY ("RENT_ID") REFERENCES ""."RENTS" ("PK_ID") ON DELETE CASCADE ENABLE;

-- ----------------------------
--  Foreign keys structure for table AUTH_PERMISSION
-- ----------------------------
ALTER TABLE "ISIS2304031420"."AUTH_PERMISSION" ADD CONSTRAINT "D20663C7F43DE808FCC46DC32464E5" FOREIGN KEY ("CONTENT_TYPE_ID") REFERENCES ""."DJANGO_CONTENT_TYPE" ("ID") ENABLE;

-- ----------------------------
--  Foreign keys structure for table AUTH_GROUP_PERMISSIONS
-- ----------------------------
ALTER TABLE "ISIS2304031420"."AUTH_GROUP_PERMISSIONS" ADD CONSTRAINT "D49C3B2C4140322925DE5ED63306CC" FOREIGN KEY ("GROUP_ID") REFERENCES ""."AUTH_GROUP" ("ID") ENABLE ADD CONSTRAINT "D6A5B13F56A3AA943155B157DCEEEE" FOREIGN KEY ("PERMISSION_ID") REFERENCES ""."AUTH_PERMISSION" ("ID") ENABLE;

-- ----------------------------
--  Foreign keys structure for table AUTH_USER_GROUPS
-- ----------------------------
ALTER TABLE "ISIS2304031420"."AUTH_USER_GROUPS" ADD CONSTRAINT "D3E890798954A113D667A108DD7763" FOREIGN KEY ("GROUP_ID") REFERENCES ""."AUTH_GROUP" ("ID") ENABLE ADD CONSTRAINT "D63445F0B76771F760D551B607B8CE" FOREIGN KEY ("USER_ID") REFERENCES ""."AUTH_USER" ("ID") ENABLE;

-- ----------------------------
--  Foreign keys structure for table AUTH_USER_USER_PERMISSIONS
-- ----------------------------
ALTER TABLE "ISIS2304031420"."AUTH_USER_USER_PERMISSIONS" ADD CONSTRAINT "D55F542150D35A5285D61F03E8D81E" FOREIGN KEY ("USER_ID") REFERENCES ""."AUTH_USER" ("ID") ENABLE ADD CONSTRAINT "F7A6C75B38933B56B6DEAD7BCD75C2" FOREIGN KEY ("PERMISSION_ID") REFERENCES ""."AUTH_PERMISSION" ("ID") ENABLE;

-- ----------------------------
--  Foreign keys structure for table DJANGO_ADMIN_LOG
-- ----------------------------
ALTER TABLE "ISIS2304031420"."DJANGO_ADMIN_LOG" ADD CONSTRAINT "D43651EFEE03307B90D66BF1AA74C7" FOREIGN KEY ("CONTENT_TYPE_ID") REFERENCES ""."DJANGO_CONTENT_TYPE" ("ID") ENABLE ADD CONSTRAINT "D529ADEC83F64F92F816B2545500DB" FOREIGN KEY ("USER_ID") REFERENCES ""."AUTH_USER" ("ID") ENABLE;

-- ----------------------------
--  Foreign keys structure for table SOLICITUDES
-- ----------------------------
ALTER TABLE "ISIS2304031420"."SOLICITUDES" ADD CONSTRAINT "SYS_C00145023" FOREIGN KEY ("ACTIVE_LOGIN") REFERENCES ""."ACTIVES" ("USER_LOGIN") ON DELETE SET NULL ENABLE;

-- ----------------------------
--  Foreign keys structure for table SWAP_TRANSACTIONS
-- ----------------------------
ALTER TABLE "ISIS2304031420"."SWAP_TRANSACTIONS" ADD CONSTRAINT "SYS_C00145082" FOREIGN KEY ("SOLICITUDE_1_PK") REFERENCES ""."SOLICITUDES" ("PK_ID") ON DELETE CASCADE ENABLE ADD CONSTRAINT "SYS_C00145083" FOREIGN KEY ("SOLICITUDE_2_PK") REFERENCES ""."SOLICITUDES" ("PK_ID") ON DELETE CASCADE ENABLE;

